,AÇÃO,ANO,LPA,P/VP,DIV_LIQ/EBITDA,DIV_LIQ/EBIT,M_LIQUIDA,ROE,ROA,CAGR_LUCRO_5A,BOA
0,ABEV3,ATUAL,0.86,2.75,-0.54,-0.72,0.176,0.157,0.0991,0.0154,0
1,ABEV3,2021,0.8,2.94,-0.69,-0.91,0.1739,0.1533,0.0914,0.002,0
2,ABEV3,2020,0.72,3.34,-0.66,-0.88,0.1949,0.1542,0.0909,-0.0174,0
3,ABEV3,2019,0.75,4.79,-0.43,-0.55,0.224,0.1922,0.1158,-0.0048,0
4,ABEV3,2018,0.7,4.3,-0.42,-0.53,0.2189,0.1952,0.1168,0.0284,0
5,ABEV3,2017,0.46,7.27,-0.38,-0.47,0.1518,0.158,0.0837,0.0281,0
6,ABEV3,2016,0.8,5.75,-0.13,-0.16,0.2751,0.2799,0.1496,2.1786,0
7,ABEV3,2015,0.79,5.8,-0.47,-0.54,0.2659,0.2571,0.1378,2.4909,0
8,ABEV3,2014,0.77,6.07,-0.43,-0.49,0.3168,0.2858,0.1672,0.0,0
9,ABEV3,2013,0.0,0.0,-0.51,-0.58,0.2725,0.2223,0.1383,0.0,0
10,AGRO3,ATUAL,5.08,1.48,0.0,0.25,0.2711,0.2347,0.1555,0.8028,1
11,AGRO3,2021,5.08,1.2,-0.25,-0.29,0.2711,0.2383,0.1517,0.8028,1
12,AGRO3,2020,5.11,1.38,0.98,1.26,0.2602,0.2832,0.1554,1.0888,1
13,AGRO3,2019,2.1,1.15,0.87,1.2,0.1695,0.1358,0.0881,-0.0794,1
14,AGRO3,2018,3.11,1.01,0.76,0.86,0.3188,0.2343,0.1501,0.0,1
15,AGRO3,2017,2.17,1.05,0.0,0.38,0.329,0.1893,0.143,0.3448,1
16,AGRO3,2016,0.48,0.96,-4.58,367.12,0.1482,0.0397,0.0319,0.0,1
17,AGRO3,2015,0.0,0.0,34.23,8.25,0.0591,0.0106,0.0078,-0.1153,1
18,AGRO3,2014,0.0,0.0,0.07,0.08,0.4827,0.3097,0.2183,0.0,1
19,AGRO3,2013,0.0,0.0,-2.85,-0.62,-0.0878,-0.0228,-0.0173,0.0,1
20,B3SA3,ATUAL,0.73,4.1,-0.36,-0.43,0.4461,0.216,0.0941,0.2527,1
21,B3SA3,2021,0.77,3.05,-0.67,-0.78,0.4585,0.2105,0.0898,0.2667,1
22,B3SA3,2020,2.02,5.16,-1.27,-1.51,0.4452,0.1694,0.0896,0.1352,1
23,B3SA3,2019,1.32,3.49,-1.2,-1.58,0.4594,0.1069,0.0678,0.2267,1
24,B3SA3,2018,1.01,2.21,-0.7,-0.98,0.432,0.0834,0.0554,0.1406,1
25,B3SA3,2017,0.63,1.93,-0.01,-0.01,0.3529,0.0533,0.0345,0.0383,1
26,B3SA3,2016,0.8,1.57,-4.88,-5.32,0.6232,0.0759,0.0464,0.0665,1
27,B3SA3,2015,1.21,1.08,-2.55,-2.52,0.9935,0.1201,0.0837,0.1398,1
28,B3SA3,2014,0.51,0.99,-0.6,-0.55,0.4812,0.0515,0.0383,0.0209,1
29,B3SA3,2013,0.55,1.14,-1.77,-1.71,0.5086,0.0561,0.0418,0.1087,1
30,BBAS3,ATUAL,8.22,0.74,0.0,0.0,0.1247,0.155,0.0115,0.2736,0
31,BBAS3,2021,6.88,0.58,0.0,0.0,0.1566,0.1382,0.0099,0.2292,0
32,BBAS3,2020,4.64,0.95,0.0,0.0,0.1347,0.1063,0.0075,-0.0113,0
33,BBAS3,2019,5.72,1.53,0.0,0.0,0.1332,0.1522,0.0107,0.0671,0
34,BBAS3,2018,4.83,1.45,0.0,0.0,0.115,0.1357,0.0099,0.0578,0
35,BBAS3,2017,3.71,1.04,0.0,0.0,0.0723,0.1092,0.0079,-0.0112,0
36,BBAS3,2016,2.45,1.06,0.0,0.0,0.0399,0.0814,0.0051,-0.1114,0
37,BBAS3,2015,4.91,0.6,0.0,0.0,0.0771,0.1704,0.0101,0.0449,0
38,BBAS3,2014,4.14,0.98,0.0,0.0,0.086,0.1449,0.0093,-0.0249,0
39,BBAS3,2013,3.64,1.0,0.0,0.0,0.0998,0.1426,0.009,0.0,0
40,BMKS3,ATUAL,36.11,0.63,-18.4,-22.24,0.903,0.0841,0.0757,0.0067,0
41,BMKS3,2021,17.72,0.56,-30.73,-46.48,0.4568,0.042,0.0373,-0.1269,0
42,BMKS3,2020,7.66,0.6,-44.82,-107.01,0.1598,0.0183,0.0161,-0.2011,0
43,BMKS3,2019,5.91,0.66,48.53,26.39,0.1731,0.0141,0.0122,-0.2538,0
44,BMKS3,2018,8.15,0.7,0.0,35.25,0.267,0.0201,0.0182,-0.1386,0
45,BMKS3,2017,17.66,0.86,0.0,138.0,0.4909,0.044,0.0396,-0.0522,0
46,BMKS3,2016,34.93,0.7,0.0,-253.93,0.8185,0.0844,0.0734,-0.0767,0
47,BMKS3,2015,23.53,0.55,0.0,30.69,0.519,0.0611,0.0543,-0.4274,0
48,BMKS3,2014,25.52,0.68,0.0,-337.89,0.3555,0.0645,0.0566,0.0655,0
49,BMKS3,2013,17.18,0.82,-162.73,-224.67,0.2261,0.0426,0.0373,-0.0593,0
50,BPHA3,ATUAL,10.4,-0.24,0.62,0.85,138.9667,-4.025,16.6902,0.0,0
51,BPHA3,2021,10.4,-0.24,0.62,0.85,138.9667,-4.025,16.6902,0.0,0
52,BPHA3,2020,10.4,-0.24,0.62,0.85,138.9667,-4.025,16.6902,0.0,0
53,BPHA3,2019,10.4,0.0,0.0,0.85,138.9667,0.0,0.1669,0.0,0
54,BPHA3,2018,9.28,-0.63,7.31,-2.19,109.965,-3.9084,14.5385,0.0,0
55,BPHA3,2017,-14.34,-0.31,-0.65,-3.8,-140.1863,-1.231,-11.1885,0.0,0
56,BPHA3,2016,-5.61,1.66,-1.17,-1.14,-0.4221,-2.0843,-0.435,0.0,0
57,BPHA3,2015,-1.8,3.3,-1.9,-3.36,-0.2687,-1.2024,-0.2805,0.0,0
58,BPHA3,2014,-1.69,0.78,-1.42,-1.18,-0.1732,-0.5115,-0.2352,0.0,0
59,BPHA3,2013,-0.59,1.23,19.79,-6.51,-0.0465,-0.1076,-0.0484,0.0,0
60,BRGE3,ATUAL,0.47,0.55,88.79,65.97,8.3627,0.0273,0.011,-0.1071,0
61,BRGE3,2021,0.29,0.42,64.41,60.3,4.9415,0.0172,0.007,-0.1892,0
62,BRGE3,2020,0.56,0.61,-32.87,-33.83,1.6027,0.0333,0.0135,-0.0854,0
63,BRGE3,2019,0.68,0.93,-119.81,-132.11,1.7443,0.0421,0.0151,0.0408,0
64,BRGE3,2018,0.72,0.26,0.0,-109.11,2.0395,0.0463,0.0168,0.0018,0
65,BRGE3,2017,0.7,0.24,0.0,249.36,2.0237,0.0469,0.0163,-0.0411,0
66,BRGE3,2016,0.83,0.0,0.0,-180.67,2.0021,0.0586,0.0188,0.0155,0
67,BRGE3,2015,0.87,0.0,0.0,-65.08,2.3185,0.0642,0.0212,0.0483,0
68,BRGE3,2014,0.56,0.23,0.0,-67.61,1.6649,0.0451,0.0144,-0.0556,0
69,BRGE3,2013,0.71,0.0,0.0,-21.02,1.8911,0.0608,0.0208,0.0,0
70,BRIV3,ATUAL,0.1,0.65,0.0,0.0,0.0041,0.0055,0.0004,-0.3718,0
71,BRIV3,2021,0.83,0.41,0.0,0.0,0.0563,0.0462,0.0031,-0.042,0
72,BRIV3,2020,0.85,0.51,0.0,0.0,0.1014,0.0481,0.0046,-0.0244,0
73,BRIV3,2019,0.78,0.52,0.0,0.0,0.0698,0.0458,0.0057,0.0083,0
74,BRIV3,2018,0.6,0.32,0.0,0.0,0.0594,0.0365,0.004,-0.1022,0
75,BRIV3,2017,0.56,0.36,0.0,0.0,0.043,0.0349,0.0039,-0.0915,0
76,BRIV3,2016,1.03,0.33,0.0,0.0,0.0588,0.0655,0.0075,0.0735,0
77,BRIV3,2015,0.94,0.43,0.0,0.0,0.0524,0.0649,0.0069,0.035,0
78,BRIV3,2014,0.73,0.4,0.0,0.0,0.0485,0.0529,0.0048,-0.0026,0
79,BRIV3,2013,1.01,0.51,0.0,0.0,0.0815,0.0758,0.0067,0.0,0
80,BRPR3,ATUAL,-3.19,0.5,-1.27,-1.25,-4.3646,-0.272,-0.1616,0.0,0
81,BRPR3,2021,0.07,0.49,10.07,10.89,0.0981,0.0045,0.0028,0.0211,0
82,BRPR3,2020,0.42,0.67,2.91,3.0,0.6578,0.0283,0.0194,0.0,0
83,BRPR3,2019,0.76,0.82,0.67,0.69,0.821,0.0432,0.0313,0.0332,0
84,BRPR3,2018,0.03,0.57,0.0,3.89,0.0325,0.0023,0.0013,-0.2993,0
85,BRPR3,2017,0.93,0.54,0.0,3.68,0.6436,0.0471,0.0283,-0.2561,0
86,BRPR3,2016,0.1,0.47,0.0,17.18,0.0619,0.0061,0.0031,-0.3878,0
87,BRPR3,2015,-2.58,0.54,0.0,-34.68,-1.0766,-0.1659,-0.084,0.0,0
88,BRPR3,2014,0.85,0.53,0.0,4.18,0.316,0.044,0.0221,0.0966,0
89,BRPR3,2013,0.26,0.76,0.0,6.46,0.0879,0.0106,0.0052,0.0,0
90,CSAB3,ATUAL,1.6,1.98,0.0,0.0,2.4096,0.0674,0.0321,-0.2612,0
91,CSAB3,2021,1.21,0.0,0.0,0.0,3.2207,0.0536,0.0248,-0.3014,0
92,CSAB3,2020,6.65,2.12,0.0,0.0,15.0738,0.2566,0.127,0.0202,0
93,CSAB3,2019,2.18,0.0,0.0,0.0,1.5311,0.0919,0.0354,-0.1421,0
94,CSAB3,2018,1.83,1.89,0.0,0.0,0.4487,0.0777,0.0293,0.0577,0
95,CSAB3,2017,2.63,2.36,0.0,0.0,0.5838,0.1089,0.0411,0.0805,0
96,CSAB3,2016,7.29,1.69,0.0,0.0,1.1993,0.2682,0.1086,0.1464,0
97,CSAB3,2015,6.01,2.28,0.0,0.0,0.9043,0.2489,0.0971,0.1451,0
98,CSAB3,2014,4.7,0.0,0.0,0.0,0.6754,0.2018,0.078,0.1602,0
99,CSAB3,2013,1.38,1.32,0.0,0.0,0.1653,0.0605,0.0242,-0.2847,0
100,CSMG3,ATUAL,1.13,0.8,1.93,3.91,0.071,0.061,0.0343,-0.0026,0
101,CSMG3,2021,1.41,0.71,1.68,3.16,0.0912,0.0795,0.0423,0.0437,0
102,CSMG3,2020,2.15,0.97,1.54,2.32,0.1528,0.1265,0.0694,0.0,0
103,CSMG3,2019,5.95,1.28,1.58,2.41,0.1463,0.1119,0.0654,0.1885,0
104,CSMG3,2018,4.57,1.25,0.0,3.5,0.1222,0.0929,0.0518,0.0663,0
105,CSMG3,2017,4.42,0.88,0.0,2.84,0.1295,0.0898,0.0518,0.0307,0
106,CSMG3,2016,3.63,0.74,0.0,3.49,0.1077,0.0731,0.0397,-0.0134,0
107,CSMG3,2015,-0.1,0.33,0.0,9.56,-0.003,-0.0021,-0.0011,0.0,0
108,CSMG3,2014,2.66,0.54,0.0,5.01,0.077,0.0575,0.0313,-0.0933,0
109,CSMG3,2013,3.51,0.83,0.0,3.99,0.1124,0.0787,0.0447,0.0944,0
110,DIRR3,ATUAL,1.07,1.86,0.59,0.68,0.0804,0.1176,0.0279,0.0,0
111,DIRR3,2021,1.06,1.47,0.61,0.7,0.0898,0.1227,0.0281,0.0,0
112,DIRR3,2020,0.74,1.64,0.55,0.65,0.0753,0.0922,0.0222,-0.0177,0
113,DIRR3,2019,0.66,1.83,0.63,0.74,0.0689,0.0799,0.0216,-0.1336,0
114,DIRR3,2018,-0.51,0.9,0.0,-4.49,-0.0665,-0.0604,-0.0167,0.0,0
115,DIRR3,2017,-0.94,0.6,0.0,-3.11,-0.1912,-0.0988,-0.0347,0.0,0
116,DIRR3,2016,-0.08,0.44,0.0,114.67,-0.0087,-0.0074,-0.0029,0.0,0
117,DIRR3,2015,0.81,0.33,0.0,2.07,0.0788,0.0751,0.0318,-0.0578,0
118,DIRR3,2014,1.33,0.78,0.0,1.16,0.1122,0.1274,0.052,0.2108,0
119,DIRR3,2013,1.47,1.27,0.0,1.34,0.1309,0.1549,0.0665,0.2878,0
120,EEEL3,ATUAL,8.64,2.51,2.66,3.01,0.0748,0.0737,0.0196,-0.3817,1
121,EEEL3,2021,8.86,0.0,-0.44,-0.43,0.0691,0.0423,0.0187,-0.3786,1
122,EEEL3,2020,28.87,1.97,-0.06,-0.05,0.2101,0.1099,0.05,0.2684,1
123,EEEL3,2019,40.41,1.59,0.38,0.34,0.3597,0.1608,0.0756,0.0,1
124,EEEL3,2018,17.91,0.86,0.0,0.98,0.1694,0.0731,0.034,0.0,1
125,EEEL3,2017,40.81,0.69,0.0,-0.77,0.3884,0.17,0.0836,0.0,1
126,EEEL3,2016,2.39,14.64,0.0,0.09,0.476,0.4234,0.221,0.5997,1
127,EEEL3,2015,0.22,0.16,0.0,5.43,0.1285,0.0573,0.028,-0.1107,1
128,EEEL3,2014,-0.72,0.3,0.0,0.24,-0.4176,-0.1941,-0.0928,0.0,1
129,EEEL3,2013,-0.49,0.36,0.0,1.85,-0.2531,-0.1104,-0.0575,0.0,1
130,EMBR3,ATUAL,-0.03,0.6,6.42,11.51,-0.001,-0.0015,-0.0004,0.0,0
131,EMBR3,2021,-0.37,1.23,5.78,7.71,-0.0121,-0.0185,-0.0048,0.0,0
132,EMBR3,2020,-4.88,0.45,-83.77,-5.4,-0.1841,-0.2462,-0.066,0.0,0
133,EMBR3,2019,-1.78,1.03,-30.67,7.35,-0.1258,-0.0929,-0.0309,0.0,0
134,EMBR3,2018,-0.9,1.08,0.0,23.43,-0.0357,-0.0449,-0.0153,0.0,0
135,EMBR3,2017,1.15,1.1,0.0,1.69,0.0453,0.0632,0.0215,0.0404,0
136,EMBR3,2016,0.79,0.94,0.0,3.37,0.0273,0.0467,0.0153,0.3023,0
137,EMBR3,2015,0.33,1.53,0.0,2.63,0.0119,0.0165,0.0053,-0.1588,0
138,EMBR3,2014,1.08,1.81,0.0,0.17,0.0533,0.0796,0.0288,-0.0268,0
139,EMBR3,2013,1.05,1.69,0.0,-0.63,0.057,0.094,0.0327,0.0,0
140,ENBR3,ATUAL,3.83,1.14,2.11,2.49,0.1165,0.1977,0.0625,0.2724,0
141,ENBR3,2021,3.72,1.09,1.73,2.07,0.1144,0.1937,0.0647,0.2651,0
142,ENBR3,2020,2.49,1.18,1.78,2.18,0.1006,0.149,0.0498,0.0356,0
143,ENBR3,2019,2.2,1.45,1.91,2.41,0.0879,0.145,0.0487,0.1247,0
144,ENBR3,2018,2.1,1.05,0.0,2.35,0.092,0.1493,0.0559,0.2764,0
145,ENBR3,2017,1.01,1.08,0.0,2.73,0.0496,0.0776,0.0297,0.1224,0
146,ENBR3,2016,1.4,0.85,0.0,2.16,0.0712,0.0886,0.0346,0.0624,0
147,ENBR3,2015,2.66,0.99,0.0,2.11,0.1234,0.2178,0.0688,0.1679,0
148,ENBR3,2014,1.56,0.87,0.0,1.7,0.0836,0.152,0.0564,0.0134,0
149,ENBR3,2013,0.79,1.18,0.0,2.1,0.053,0.0822,0.0266,0.0,0
150,ETER3,ATUAL,3.79,1.23,-0.36,-0.39,0.2093,0.3727,0.2198,0.0,0
151,ETER3,2021,4.36,2.3,-0.5,-0.53,0.2398,0.4783,0.2662,0.0,0
152,ETER3,2020,3.07,3.04,-0.07,-0.08,0.2323,0.7387,0.213,0.4009,0
153,ETER3,2019,-0.42,-45.04,2.31,2.79,-0.0259,-4.4816,-0.0232,0.0,0
154,ETER3,2018,-0.83,40.99,-1.59,-1.15,-0.2782,-12.2162,-0.2624,0.0,0
155,ETER3,2017,-1.54,0.97,-0.42,-0.3,-0.4152,-1.621,-0.4904,0.0,0
156,ETER3,2016,-0.21,0.51,1.92,-16.11,-0.0455,-0.082,-0.0447,0.0,0
157,ETER3,2015,0.16,0.75,0.91,1.57,0.0302,0.0588,0.0315,-0.2203,0
158,ETER3,2014,0.95,0.57,0.44,0.62,0.0871,0.1654,0.0948,0.031,0
159,ETER3,2013,1.14,1.55,0.18,0.24,0.1068,0.202,0.1227,0.0472,0
160,FLRY3,ATUAL,1.09,3.33,2.45,3.88,0.0816,0.1908,0.0515,0.0867,0
161,FLRY3,2021,1.1,3.1,2.04,3.22,0.0904,0.1896,0.0576,0.0887,0
162,FLRY3,2020,0.81,4.9,1.03,1.8,0.0865,0.1468,0.0465,0.1907,0
163,FLRY3,2019,0.99,5.49,0.85,1.34,0.1075,0.1776,0.0613,0.2949,0
164,FLRY3,2018,1.05,3.56,0.0,0.89,0.1244,0.1895,0.0848,0.4023,0
165,FLRY3,2017,2.04,2.73,0.0,0.8,0.1345,0.1879,0.0909,0.2464,0
166,FLRY3,2016,1.46,3.63,0.0,1.25,0.1091,0.149,0.0761,0.1785,0
167,FLRY3,2015,0.69,1.51,0.0,1.06,0.0566,0.0648,0.0335,-0.0376,0
168,FLRY3,2014,0.55,1.62,0.0,2.22,0.0511,0.0545,0.0267,0.0053,0
169,FLRY3,2013,0.39,1.7,0.0,2.62,0.0369,0.0362,0.019,0.0,0
170,GEPA3,ATUAL,0.83,1.11,1.44,2.88,0.0563,0.0392,0.0194,-0.2626,0
171,GEPA3,2021,-0.09,1.58,2.27,5.38,-0.0065,-0.0046,-0.0022,0.0,0
172,GEPA3,2020,7.43,2.07,-0.02,-0.03,0.4837,0.3671,0.1227,0.309,0
173,GEPA3,2019,2.61,2.86,0.37,0.54,0.1782,0.1589,0.0558,-0.0291,0
174,GEPA3,2018,2.71,1.88,0.76,1.09,0.194,0.1565,0.0572,-0.0936,0
175,GEPA3,2017,2.58,2.13,0.83,1.29,0.1678,0.144,0.0541,-0.0556,0
176,GEPA3,2016,3.82,1.87,0.78,1.05,0.2708,0.2037,0.0823,0.0512,0
177,GEPA3,2015,1.93,0.0,1.54,2.3,0.1502,0.1007,0.0437,0.0024,0
178,GEPA3,2014,3.02,0.0,2.17,2.17,0.2335,0.1528,0.0743,0.2279,0
179,GEPA3,2013,4.43,2.42,0.72,0.72,0.3439,0.1726,0.0927,0.0,0
180,GRND3,ATUAL,0.7,1.61,-2.45,-3.15,0.2523,0.1528,0.1403,-0.0015,0
181,GRND3,2021,0.67,1.91,-2.31,-2.84,0.2566,0.1468,0.132,-0.0108,0
182,GRND3,2020,0.45,1.79,-3.6,-4.66,0.2136,0.0958,0.0867,-0.0597,0
183,GRND3,2019,0.55,3.01,-2.69,-3.27,0.239,0.1344,0.1218,0.0019,0
184,GRND3,2018,0.65,2.14,-2.7,-3.09,0.2509,0.169,0.1517,0.0619,0
185,GRND3,2017,2.2,2.66,-2.74,-3.1,0.2935,0.2054,0.1848,0.0903,0
186,GRND3,2016,2.11,1.81,-2.59,-2.96,0.3102,0.2171,0.195,0.1574,0
187,GRND3,2015,1.83,1.94,-0.89,-1.01,0.2502,0.2107,0.181,0.1203,0
188,GRND3,2014,1.63,1.99,-1.12,-1.26,0.2195,0.2117,0.1828,0.1249,0
189,GRND3,2013,1.44,2.64,-0.72,-0.79,0.1982,0.2104,0.183,0.1261,0
190,ITUB3,ATUAL,2.73,1.5,0.0,0.0,0.121,0.1703,0.0124,0.0437,0
191,ITUB3,2021,2.73,1.22,0.0,0.0,0.1368,0.1751,0.0129,0.0435,0
192,ITUB3,2020,1.93,1.92,0.0,0.0,0.1087,0.1321,0.0094,-0.0599,0
193,ITUB3,2019,2.77,2.29,0.0,0.0,0.1405,0.198,0.0166,0.0469,0
194,ITUB3,2018,3.81,1.44,0.0,0.0,0.1897,0.1821,0.016,0.0868,0
195,ITUB3,2017,3.52,1.89,0.0,0.0,0.1551,0.1718,0.0161,0.1292,0
196,ITUB3,2016,3.61,1.46,0.0,0.0,0.1236,0.1765,0.016,0.0934,0
197,ITUB3,2015,4.23,1.33,0.0,0.0,0.1987,0.2293,0.0202,1.0093,0
198,ITUB3,2014,3.9,1.8,0.0,0.0,0.167,0.2172,0.0191,0.2284,0
199,ITUB3,2013,3.27,1.78,0.0,0.0,0.1733,0.1973,0.016,0.0,0
200,JFEN3,ATUAL,-1.75,-0.17,-3.63,-3.42,-47.5741,-0.3085,-0.1564,0.0,0
201,JFEN3,2021,-1.8,-0.18,-3.01,-2.85,-44.5037,-0.338,-0.1575,0.0,0
202,JFEN3,2020,-1.6,0.0,-4.15,-3.9,-5.819,-0.4839,-0.1317,0.0,0
203,JFEN3,2019,-3.56,-1.55,-2.48,-1.92,-2.1412,-2.0806,-0.2767,0.0,0
204,JFEN3,2018,-3.86,1.06,0.0,-1.49,-4.1144,-1.209,-0.2317,0.0,0
205,JFEN3,2017,-1.34,0.41,0.0,-2.02,-2.6328,-0.8191,-0.194,0.0,0
206,JFEN3,2016,-1.39,1.35,0.0,-3.01,-1.8624,-0.8324,-0.1665,0.0,0
207,JFEN3,2015,-1.11,0.0,0.0,-5.91,-0.4756,-0.2752,-0.0877,0.0,0
208,JFEN3,2014,-1.41,0.94,0.0,-11.26,-0.3146,-0.2953,-0.0787,0.0,0
209,JFEN3,2013,0.38,0.9,0.0,23.18,0.0524,0.0573,0.015,0.0,0
210,LEVE3,ATUAL,3.96,2.06,0.35,0.4,0.1338,0.344,0.1767,0.8317,0
211,LEVE3,2021,4.42,2.3,-0.11,-0.12,0.1568,0.3306,0.1927,0.872,0
212,LEVE3,2020,0.97,2.0,-0.13,-0.21,0.0518,0.0924,0.0445,-0.0913,0
213,LEVE3,2019,2.02,2.83,0.57,0.72,0.1025,0.1987,0.1113,0.0448,0
214,LEVE3,2018,2.27,2.38,0.0,0.51,0.1125,0.215,0.1259,0.0768,0
215,LEVE3,2017,1.85,2.26,0.0,0.02,0.1048,0.1751,0.1066,0.0578,0
216,LEVE3,2016,0.19,2.16,0.0,9.35,0.0115,0.0203,0.0105,-0.3343,0
217,LEVE3,2015,1.57,2.46,0.0,1.24,0.0826,0.1557,0.0811,0.194,0
218,LEVE3,2014,1.62,2.03,0.0,1.09,0.0892,0.1547,0.0817,0.587,0
219,LEVE3,2013,1.57,2.56,0.0,0.86,0.0842,0.1466,0.083,0.0,0
220,LREN3,ATUAL,1.15,2.98,-0.56,-0.98,0.0895,0.1181,0.0544,0.1277,0
221,LREN3,2021,0.64,2.46,-1.43,-3.05,0.0599,0.0646,0.0296,0.0026,0
222,LREN3,2020,1.38,6.3,0.43,0.83,0.1454,0.1993,0.0749,0.1362,0
223,LREN3,2019,1.39,9.46,0.11,0.17,0.1146,0.2336,0.0932,0.1845,0
224,LREN3,2018,1.43,7.65,0.31,0.38,0.1211,0.258,0.1156,0.2015,0
225,LREN3,2017,1.03,7.83,0.51,0.67,0.0984,0.2273,0.0971,0.1557,0
226,LREN3,2016,0.98,5.62,0.76,1.01,0.0969,0.2371,0.0965,0.1316,0
227,LREN3,2015,4.54,0.94,0.97,1.25,0.0942,0.2505,0.0987,0.1345,0
228,LREN3,2014,3.74,5.19,1.1,1.4,0.0904,0.2541,0.0886,0.1998,0
229,LREN3,2013,3.28,5.07,1.2,1.51,0.0932,0.2728,0.0902,0.2019,0
230,MDIA3,ATUAL,1.83,2.14,1.14,1.72,0.0709,0.0946,0.0586,-0.0463,0
231,MDIA3,2021,1.49,1.23,0.28,0.49,0.0646,0.0718,0.0474,-0.0843,0
232,MDIA3,2020,2.25,1.74,0.37,0.5,0.1053,0.1149,0.0785,0.0481,0
233,MDIA3,2019,1.64,2.14,0.8,1.14,0.0912,0.0923,0.0687,-0.0146,0
234,MDIA3,2018,2.13,2.61,0.85,1.06,0.1201,0.1301,0.0927,0.0665,0
235,MDIA3,2017,2.49,3.54,-0.6,-0.7,0.1559,0.1691,0.1386,0.124,0
236,MDIA3,2016,6.94,3.0,-0.24,-0.27,0.1472,0.181,0.1381,0.1643,0
237,MDIA3,2015,5.32,2.03,0.58,0.69,0.1307,0.1625,0.1184,0.1142,0
238,MDIA3,2014,5.28,3.14,0.24,0.28,0.1308,0.1824,0.1338,0.1126,0
239,MDIA3,2013,4.62,4.02,0.4,0.46,0.1216,0.1859,0.135,0.1961,0
240,MILS3,ATUAL,0.73,2.85,0.04,0.06,0.2002,0.1562,0.0982,0.0,0
241,MILS3,2021,0.41,1.48,-0.05,-0.09,0.1388,0.094,0.0707,0.0,0
242,MILS3,2020,-0.02,1.41,-0.7,-8.49,-0.0094,-0.0043,-0.0032,0.0,0
243,MILS3,2019,-0.18,2.37,0.21,-0.59,-0.1024,-0.0406,-0.0327,0.0,0
244,MILS3,2018,-0.54,1.0,216.05,-0.46,-0.3122,-0.1266,-0.0936,0.0,0
245,MILS3,2017,-0.79,0.85,-3.89,-0.89,-0.4751,-0.1635,-0.1131,0.0,0
246,MILS3,2016,-2.09,0.19,2.92,-1.01,-0.2506,-0.0996,-0.0658,0.0,0
247,MILS3,2015,-0.76,0.35,3.74,-5.93,-0.1698,-0.1016,-0.0597,0.0,0
248,MILS3,2014,0.5,1.15,1.69,3.49,0.0809,0.0607,0.034,-0.0124,0
249,MILS3,2013,1.36,4.13,1.44,2.16,0.2074,0.1698,0.0958,0.0,0
250,MOAR3,ATUAL,4.44,6.91,-0.77,-0.76,1181.7391,0.0652,0.0271,-0.2377,1
251,MOAR3,2021,48.27,5.24,0.28,0.29,400.9376,0.6406,0.2742,0.2287,1
252,MOAR3,2020,-0.76,2.83,8.26,8.0,-0.0859,-0.0096,-0.0057,0.0,1
253,MOAR3,2019,8.17,1.95,-4.08,-4.16,88.7695,0.0938,0.0587,-0.1149,1
254,MOAR3,2018,3.33,1.8,0.0,-16.97,11.113,0.036,0.026,-0.1738,1
255,MOAR3,2017,11.52,1.39,0.0,-4.36,51.1911,0.1069,0.0867,-0.0395,1
256,MOAR3,2016,17.24,1.46,0.0,-1.17,59.4399,0.162,0.1349,0.0313,1
257,MOAR3,2015,7.83,0.0,19.86,19.05,24.6543,0.0808,0.0669,-0.0292,1
258,MOAR3,2014,15.05,1.1,0.0,-1.74,37.5468,0.143,0.1344,0.2409,1
259,MOAR3,2013,8.65,1.65,0.0,-3.9,75.1191,0.09,0.0835,0.0,1
260,MRVE3,ATUAL,1.23,0.83,3.29,3.86,0.0852,0.0968,0.027,0.0131,0
261,MRVE3,2021,1.67,0.95,3.24,3.75,0.1131,0.1315,0.0398,0.0764,0
262,MRVE3,2020,1.14,1.61,4.1,5.0,0.0828,0.097,0.0305,0.0009,0
263,MRVE3,2019,1.55,1.98,2.81,3.41,0.114,0.1426,0.047,-0.0085,0
264,MRVE3,2018,1.55,1.19,2.57,2.79,0.1274,0.1491,0.0506,0.1029,0
265,MRVE3,2017,1.47,1.21,3.86,4.14,0.1373,0.1179,0.0449,0.0437,0
266,MRVE3,2016,1.25,0.94,1.21,1.21,0.1311,0.1025,0.0449,-0.0602,0
267,MRVE3,2015,1.22,0.82,1.31,1.31,0.115,0.1147,0.0478,-0.029,0
268,MRVE3,2014,1.51,0.82,1.74,1.83,0.172,0.1641,0.0666,0.157,0
269,MRVE3,2013,0.88,0.99,3.16,3.4,0.1093,0.1032,0.0415,0.1286,0
270,MYPK3,ATUAL,4.04,0.49,2.4,3.22,0.0392,0.1539,0.0417,0.9593,0
271,MYPK3,2021,3.49,0.58,2.46,3.47,0.0392,0.1329,0.037,0.9029,0
272,MYPK3,2020,-3.2,0.69,9.5,-19.03,-0.0561,-0.142,-0.0396,0.0,0
273,MYPK3,2019,2.22,1.1,2.16,3.57,0.0337,0.1045,0.036,0.3785,0
274,MYPK3,2018,1.34,1.23,2.2,3.32,0.0209,0.0689,0.0223,0.034,0
275,MYPK3,2017,0.05,1.33,2.88,4.63,0.0009,0.0027,0.0008,-0.3745,0
276,MYPK3,2016,0.23,0.62,3.3,5.48,0.0032,0.0121,0.0031,-0.3737,0
277,MYPK3,2015,0.52,0.54,3.56,5.95,0.0072,0.0229,0.0062,-0.2136,0
278,MYPK3,2014,0.71,0.84,3.36,5.21,0.0115,0.049,0.0108,0.0422,0
279,MYPK3,2013,1.8,2.03,3.17,4.65,0.0289,0.1395,0.0282,0.0,0
280,ODPV3,ATUAL,0.78,4.3,-0.41,-0.45,0.2411,0.3837,0.2183,0.1561,0
281,ODPV3,2021,0.72,6.0,-0.59,-0.65,0.2064,0.3409,0.1967,0.1198,0
282,ODPV3,2020,0.68,6.43,-1.38,-1.43,0.2046,0.3004,0.188,0.1033,0
283,ODPV3,2019,0.54,8.06,-1.35,-1.41,0.1574,0.2562,0.161,0.079,0
284,ODPV3,2018,0.54,7.11,0.0,-1.26,0.1789,0.2772,0.1729,0.0865,0
285,ODPV3,2017,0.95,9.16,0.0,-0.76,0.3499,0.5447,0.3619,0.2814,0
286,ODPV3,2016,0.41,9.65,0.0,-1.52,0.1582,0.3114,0.159,0.0825,0
287,ODPV3,2015,0.42,7.71,0.0,-1.08,0.1768,0.3391,0.1848,0.0018,0
288,ODPV3,2014,0.37,8.16,0.0,-0.97,0.1684,0.3033,0.1766,0.1838,0
289,ODPV3,2013,0.35,7.51,0.0,-0.98,0.1759,0.2704,0.1752,0.0,0
290,OIBR3,ATUAL,-0.71,3.16,1.6,-5.42,-0.4234,-6.0704,-0.0923,0.0,0
291,OIBR3,2021,-1.29,-6.64,9.87,-14.67,-0.8123,-11.2697,-0.1093,0.0,0
292,OIBR3,2020,-1.77,1.69,8.69,-12.17,-1.1342,-1.3584,-0.1426,0.0,0
293,OIBR3,2019,-1.51,0.29,4.09,-5.36,-0.447,-0.5099,-0.1252,0.0,0
294,OIBR3,2018,29.78,0.05,0.0,-2.25,1.1147,1.0856,0.3758,0.7512,0
295,OIBR3,2017,-7.71,-0.22,17.33,-20.17,-0.2676,-0.461,-0.0927,0.0,0
296,OIBR3,2016,-9.72,0.19,10.55,-31.02,-0.3088,-0.6882,-0.0936,0.0,0
297,OIBR3,2015,-6.02,0.11,12.63,18.38,-0.1889,-0.2691,-0.0502,0.0,0
298,OIBR3,2014,-2.45,0.92,5.73,5.86,-0.156,-0.2476,-0.0429,0.0,0
299,OIBR3,2013,0.83,0.56,3.44,6.23,0.0525,0.1296,0.0213,0.0,0
300,PETR3,ATUAL,12.38,1.2,0.51,0.63,0.2842,0.3935,0.1608,0.0,0
301,PETR3,2021,8.18,1.03,0.97,1.26,0.2356,0.2754,0.1096,0.0,0
302,PETR3,2020,0.54,1.22,3.04,6.62,0.0261,0.023,0.0072,0.0,0
303,PETR3,2019,3.08,1.41,2.11,3.89,0.1328,0.1358,0.0433,0.0,0
304,PETR3,2018,1.98,1.2,2.47,4.3,0.0831,0.093,0.03,0.0181,0
305,PETR3,2017,-0.03,0.84,3.5,7.43,-0.0016,-0.0017,-0.0005,0.0,0
306,PETR3,2016,-1.14,0.88,4.83,19.06,-0.0525,-0.0592,-0.0184,0.0,0
307,PETR3,2015,-2.67,0.44,15.45,-29.73,-0.1083,-0.1368,-0.0387,0.0,0
308,PETR3,2014,-1.65,0.41,32.19,-12.87,-0.064,-0.0699,-0.0272,0.0,0
309,PETR3,2013,1.81,0.6,3.53,6.45,0.0773,0.0677,0.0313,-0.065,0
310,PRIO3,ATUAL,3.04,3.43,0.02,0.03,0.4388,0.3287,0.1649,0.6188,1
311,PRIO3,2021,1.52,2.74,-0.25,-0.35,0.3032,0.2014,0.1091,0.4072,1
312,PRIO3,2020,3.13,3.22,0.95,1.81,0.2378,0.1437,0.0667,0.3261,1
313,PRIO3,2019,4.53,2.47,1.07,1.64,0.3867,0.3385,0.116,0.0,1
314,PRIO3,2018,15.36,1.31,-2.1,-3.04,0.2413,0.2035,0.1333,0.0,1
315,PRIO3,2017,3.86,1.22,0.0,-11.28,0.0952,0.0576,0.04,0.0,1
316,PRIO3,2016,3.66,1.72,0.0,-2.08,0.6073,0.2897,0.2232,0.0,1
317,PRIO3,2015,3.71,0.08,0.0,-5.52,0.4363,0.1208,0.0938,0.0,1
318,PRIO3,2014,-3.37,0.0,0.4,0.34,-2.0604,-1.6134,-0.9453,0.0,1
319,PRIO3,2013,-7.52,0.0,0.14,0.14,-509.1854,-1.5385,-1.2396,0.0,1
320,PSSA3,ATUAL,1.39,1.51,-12.67,-19.47,0.0374,0.0956,0.0196,-0.0036,1
321,PSSA3,2021,2.39,1.44,-6.06,-7.12,0.0728,0.1649,0.0371,0.1102,1
322,PSSA3,2020,5.22,1.77,-5.48,-6.22,0.0907,0.1883,0.046,0.1101,1
323,PSSA3,2019,4.27,2.45,-8.32,-10.32,0.0763,0.1668,0.0422,0.0951,1
324,PSSA3,2018,4.05,2.21,0.0,-8.72,0.0735,0.1715,0.0429,-0.0138,1
325,PSSA3,2017,3.41,1.52,0.0,-27.87,0.0652,0.1427,0.038,0.1003,1
326,PSSA3,2016,2.83,1.24,0.0,-82.26,0.0567,0.1308,0.0361,0.0956,1
327,PSSA3,2015,3.1,1.45,0.0,-27.42,0.0648,0.1551,0.0432,0.0996,1
328,PSSA3,2014,2.71,1.64,0.0,-15.75,0.0611,0.146,0.0391,0.2245,1
329,PSSA3,2013,4.35,1.63,0.0,-6.44,0.0,0.2384,0.0689,0.3722,1
330,QUAL3,ATUAL,1.0,1.68,1.5,2.49,0.1389,0.2036,0.0576,-0.0681,0
331,QUAL3,2021,1.29,3.79,1.47,2.31,0.1745,0.2889,0.0831,-0.02,0
332,QUAL3,2020,1.38,5.9,0.63,1.0,0.1935,0.2329,0.089,0.1154,0
333,QUAL3,2019,1.39,7.37,0.85,1.39,0.1961,0.2753,0.1162,0.2552,0
334,QUAL3,2018,1.4,1.55,0.0,0.19,0.2055,0.1686,0.1119,0.0,0
335,QUAL3,2017,1.3,3.73,0.0,0.08,0.1786,0.1566,0.105,0.7548,0
336,QUAL3,2016,1.48,2.56,0.0,0.25,0.206,0.1961,0.1127,0.0,0
337,QUAL3,2015,0.83,1.95,0.0,0.33,0.1313,0.1141,0.0661,0.0,0
338,QUAL3,2014,0.47,3.16,0.0,-0.06,0.0844,0.0535,0.0333,0.0,0
339,QUAL3,2013,-0.12,2.98,0.0,-0.56,-0.0264,-0.0158,-0.0097,0.0,0
340,RADL3,ATUAL,0.5,7.55,0.52,1.01,0.0311,0.1636,0.0507,0.1288,1
341,RADL3,2021,0.46,8.58,0.43,0.84,0.0312,0.1607,0.0509,0.1093,1
342,RADL3,2020,0.29,9.48,0.37,0.84,0.0241,0.111,0.035,0.0732,1
343,RADL3,2019,2.34,9.16,0.38,0.74,0.044,0.1919,0.063,0.2839,1
344,RADL3,2018,1.52,5.4,0.0,0.83,0.0339,0.1436,0.0683,0.3784,1
345,RADL3,2017,1.55,9.41,0.0,0.44,0.0387,0.1586,0.0791,0.3728,1
346,RADL3,2016,1.36,6.95,0.0,0.19,0.0398,0.1539,0.0791,0.4548,1
347,RADL3,2015,1.03,4.45,0.0,0.06,0.0382,0.1292,0.0724,0.3075,1
348,RADL3,2014,0.67,3.41,0.0,0.0,0.03,0.0901,0.0547,0.2431,1
349,RADL3,2013,0.31,2.1,0.0,0.02,0.0162,0.0434,0.0279,0.1456,1
350,RENT3,ATUAL,2.13,7.68,2.1,2.49,0.187,0.2491,0.0686,0.3853,1
351,RENT3,2021,2.69,5.28,2.01,2.3,0.1875,0.2683,0.0807,0.3793,1
352,RENT3,2020,1.38,8.64,2.65,3.62,0.1017,0.1732,0.0513,0.211,1
353,RENT3,2019,1.15,6.29,2.96,4.4,0.0818,0.1531,0.043,0.1522,1
354,RENT3,2018,0.99,6.41,0.0,4.15,0.0835,0.213,0.0471,0.1139,1
355,RENT3,2017,2.27,1.89,0.0,3.99,0.0835,0.1944,0.0452,0.1598,1
356,RENT3,2016,1.59,4.02,0.0,2.71,0.0922,0.1863,0.0552,0.0701,1
357,RENT3,2015,1.9,2.71,0.0,2.22,0.1024,0.2073,0.0657,0.0948,1
358,RENT3,2014,1.94,4.57,0.0,1.82,0.1055,0.248,0.0721,0.3032,1
359,RENT3,2013,1.81,5.26,0.0,2.04,0.1096,0.2866,0.084,0.0,1
360,SANB3,ATUAL,1.99,1.01,0.0,0.0,0.1358,0.1385,0.0154,0.1528,0
361,SANB3,2021,2.08,0.98,0.0,0.0,0.1995,0.1427,0.0159,0.1623,0
362,SANB3,2020,1.79,1.91,0.0,0.0,0.2138,0.1581,0.0136,0.0652,0
363,SANB3,2019,2.19,2.74,0.0,0.0,0.2252,0.1698,0.0215,0.2385,0
364,SANB3,2018,1.68,1.83,0.0,0.0,0.1785,0.1383,0.0174,0.1706,0
365,SANB3,2017,1.18,1.61,0.0,0.0,0.125,0.103,0.0138,0.1023,0
366,SANB3,2016,0.97,1.74,0.0,0.0,0.0951,0.0872,0.0116,-0.0107,0
367,SANB3,2015,1.08,1.01,0.0,0.0,0.14,0.1232,0.0162,0.0579,0
368,SANB3,2014,0.01,34.14,0.0,0.0,0.0955,0.0719,0.0108,0.0044,0
369,SANB3,2013,0.01,0.69,0.0,0.0,0.1117,0.0703,0.0126,0.192,0
370,SHOW3,ATUAL,-0.36,1.37,92.17,13.99,-0.0947,-0.1608,-0.0429,0.0,0
371,SHOW3,2021,-0.95,1.86,1.88,1.64,-2.0467,-0.475,-0.1184,0.0,0
372,SHOW3,2020,-1.61,1.39,0.92,0.72,-2.7146,-0.5642,-0.2051,0.0,0
373,SHOW3,2019,-1.05,1.52,1.77,1.13,-0.1798,-0.2551,-0.1136,0.0,0
374,SHOW3,2018,0.12,1.51,-2.28,-2.65,0.014,0.0255,0.0123,0.0,0
375,SHOW3,2017,0.66,1.53,-2.39,-2.63,0.0679,0.1371,0.0636,0.0,0
376,SHOW3,2016,0.39,1.32,-1.54,-1.87,0.0336,0.0932,0.0494,-0.1504,0
377,SHOW3,2015,46.01,0.01,-4.61,-6.32,0.038,0.0778,0.025,-0.1142,0
378,SHOW3,2014,-154.11,0.01,1.14,0.86,-0.1269,-0.2818,-0.1461,0.0,0
379,SHOW3,2013,-0.19,1.16,-12.2,17.34,-0.0242,-0.041,-0.0196,0.0,0
380,SLCE3,ATUAL,7.15,1.92,0.0,1.18,0.1697,0.3139,0.1059,1.1932,1
381,SLCE3,2021,5.5,2.47,1.19,1.28,0.1679,0.3013,0.0825,1.0416,1
382,SLCE3,2020,2.56,1.78,0.9,1.04,0.1262,0.1662,0.0569,0.3187,1
383,SLCE3,2019,1.63,1.7,1.47,1.75,0.1024,0.1119,0.0448,0.3562,1
384,SLCE3,2018,4.0,1.54,0.0,1.46,0.135,0.1467,0.0662,0.3188,1
385,SLCE3,2017,3.6,1.05,0.0,1.42,0.1605,0.1418,0.0673,0.5638,1
386,SLCE3,2016,0.3,0.58,3.08,5.99,0.018,0.0122,0.0055,-0.1818,1
387,SLCE3,2015,1.24,0.74,3.0,4.12,0.0696,0.0556,0.0231,0.3258,1
388,SLCE3,2014,0.69,0.63,3.3,5.03,0.0453,0.0308,0.0151,0.7091,1
389,SLCE3,2013,0.97,1.0,3.03,5.17,0.0809,0.0476,0.0224,0.0,1
390,STBP3,ATUAL,0.44,3.0,-0.97,-1.38,0.2117,0.1601,0.0746,0.0,1
391,STBP3,2021,0.31,2.54,-1.19,-1.78,0.1771,0.1242,0.0572,0.0,1
392,STBP3,2020,-0.02,2.16,-3.01,-10.7,-0.0148,-0.0066,-0.0033,0.0,1
393,STBP3,2019,0.02,4.04,0.05,0.13,0.0158,0.0114,0.0048,-0.3001,1
394,STBP3,2018,0.0,2.1,-0.14,-0.4,0.0032,0.0022,0.001,-0.5893,1
395,STBP3,2017,-0.01,1.7,-0.23,-1.19,-0.0065,-0.004,-0.0019,0.0,1
396,STBP3,2016,-0.04,1.15,0.23,1.16,-0.0337,-0.0201,-0.0102,0.0,1
397,STBP3,2015,-0.03,0.0,0.52,3.08,-0.0236,-0.0162,-0.0084,0.0,1
398,STBP3,2014,0.14,0.0,0.0,0.91,0.0912,0.0641,0.0423,0.0705,1
399,STBP3,2013,0.38,0.0,0.38,0.51,0.1852,0.1762,0.1156,0.4017,1
400,TOTS3,ATUAL,0.67,4.27,-1.01,-1.47,0.112,0.0949,0.0402,0.2191,0
401,TOTS3,2021,0.6,4.18,-1.83,-2.76,0.1131,0.0871,0.0371,0.1927,0
402,TOTS3,2020,0.51,6.37,-1.48,-2.24,0.1136,0.1133,0.0573,0.0857,0
403,TOTS3,2019,1.27,4.32,-2.54,-3.34,0.0919,0.0847,0.0593,-0.0442,0
404,TOTS3,2018,0.36,3.49,0.1,0.2,0.0257,0.0463,0.0249,-0.2317,0
405,TOTS3,2017,0.56,3.93,0.97,1.98,0.0417,0.0737,0.0373,-0.148,0
406,TOTS3,2016,0.92,3.26,1.27,2.06,0.0699,0.125,0.0625,-0.02,0
407,TOTS3,2015,0.0,0.0,0.97,1.41,0.1024,0.158,0.0734,0.0719,0
408,TOTS3,2014,1.61,5.12,-0.32,-0.4,0.1484,0.2355,0.1227,0.1693,0
409,TOTS3,2013,1.37,5.62,-0.34,-0.43,0.1381,0.2084,0.1204,0.0,0
410,TRPL3,ATUAL,4.29,1.27,1.79,1.56,0.4745,0.1813,0.0907,-0.1052,1
411,TRPL3,2021,4.58,1.4,1.6,1.42,0.5455,0.2096,0.1042,-0.0935,1
412,TRPL3,2020,5.1,1.41,0.51,0.46,0.9094,0.2444,0.1367,0.4613,1
413,TRPL3,2019,2.68,1.54,0.29,0.27,0.5333,0.1494,0.0816,0.3605,1
414,TRPL3,2018,11.42,1.03,0.0,0.94,0.5909,0.17,0.1015,1.2599,1
415,TRPL3,2017,8.29,0.88,0.64,0.65,0.5055,0.1243,0.0792,0.1011,1
416,TRPL3,2016,30.59,0.94,0.0,0.09,0.6335,0.4875,0.3274,0.4006,1
417,TRPL3,2015,3.13,1.3,1.02,1.02,0.3919,0.0915,0.0687,-0.0909,1
418,TRPL3,2014,2.48,0.0,1.55,1.58,0.343,0.0732,0.053,0.0314,1
419,TRPL3,2013,0.21,0.0,-3.16,-3.05,0.0325,0.0065,0.0046,0.0,1
420,TUPY3,ATUAL,3.09,1.36,1.47,2.2,0.0507,0.1523,0.0564,0.0,0
421,TUPY3,2021,1.42,1.05,1.67,3.08,0.0288,0.0742,0.0272,0.0,0
422,TUPY3,2020,-0.53,1.18,1.41,3.69,-0.0179,-0.0298,-0.0125,0.0,0
423,TUPY3,2019,1.93,1.53,0.94,1.81,0.054,0.1168,0.0544,0.2561,0
424,TUPY3,2018,1.88,1.32,1.07,1.87,0.0563,0.1235,0.0554,0.2578,0
425,TUPY3,2017,1.06,1.33,1.69,3.97,0.0414,0.0773,0.0333,0.1825,0
426,TUPY3,2016,-1.26,0.86,6.21,-3.72,-0.0557,-0.0904,-0.038,0.0,0
427,TUPY3,2015,1.53,1.12,1.63,3.02,0.0642,0.0914,0.0383,0.0735,0
428,TUPY3,2014,0.62,1.27,1.58,3.88,0.0286,0.0439,0.018,-0.1066,0
429,TUPY3,2013,1.51,0.63,1.46,2.61,0.0276,0.0454,0.0192,-0.1253,0
430,VALE3,ATUAL,21.69,1.85,0.23,0.26,0.4178,0.5574,0.2346,0.5075,0
431,VALE3,2021,23.62,2.08,0.07,0.07,0.413,0.6301,0.2429,0.5555,0
432,VALE3,2020,5.05,2.49,0.11,0.15,0.1281,0.1438,0.0559,0.0,0
433,VALE3,2019,-1.26,1.74,1.54,13.49,-0.0449,-0.0413,-0.018,0.0,0
434,VALE3,2018,4.86,1.58,0.0,0.87,0.1908,0.1506,0.0751,1.9487,0
435,VALE3,2017,3.36,1.47,0.0,1.74,0.1624,0.1226,0.0537,0.1225,0
436,VALE3,2016,2.54,1.06,0.0,3.94,0.1407,0.1046,0.0413,-0.1885,0
437,VALE3,2015,-8.43,0.52,0.0,-3.45,-0.5664,-0.3371,-0.1279,0.0,0
438,VALE3,2014,0.18,0.8,0.0,3.17,0.0116,0.0065,0.0031,-0.379,0
439,VALE3,2013,0.02,1.29,0.0,1.69,0.0011,0.0008,0.0004,-0.6479,0
440,WEGE3,ATUAL,0.84,10.45,-0.05,-0.05,0.1325,0.2642,0.1369,0.2596,1
441,WEGE3,2021,0.85,10.17,-0.31,-0.34,0.1522,0.2636,0.1498,0.2626,1
442,WEGE3,2020,1.12,13.75,-0.86,-0.99,0.134,0.2024,0.1175,0.1515,1
443,WEGE3,2019,0.77,8.34,-0.49,-0.6,0.121,0.1852,0.1029,0.1108,1
444,WEGE3,2018,0.64,4.77,0.0,0.16,0.1118,0.1735,0.0869,0.0967,1
445,WEGE3,2017,0.71,5.8,0.0,-0.44,0.1199,0.1699,0.0817,0.1173,1
446,WEGE3,2016,0.69,4.2,0.0,-0.34,0.1193,0.1874,0.0827,0.1375,1
447,WEGE3,2015,0.72,4.0,0.0,0.62,0.1184,0.1917,0.0811,0.1734,1
448,WEGE3,2014,1.18,4.88,0.0,-0.09,0.1218,0.1888,0.081,0.1164,1
449,WEGE3,2013,1.36,4.24,0.0,-0.16,0.1235,0.1851,0.0832,0.0852,1
